time,observed,method_1,method_2,method_3,method_4,method_5,method_6
0.000000,57.000000,54.176546,55.471583,55.980499,57.352230,58.747283,59.898264
0.200000,58.003747,54.837280,56.287314,57.937707,58.528493,60.173400,60.839378
0.400000,58.879600,55.504360,56.169526,57.914378,60.337915,61.826113,62.867374
0.600000,59.626136,56.756966,58.392476,60.164394,60.947235,62.365881,64.158027
0.800000,60.244098,57.820514,61.214175,61.030876,62.604396,63.269625,66.132721
1.000000,60.736326,58.375142,61.002482,61.016353,62.484694,64.635866,66.280810
1.200000,61.107640,58.642970,60.310928,61.446695,64.130959,65.238771,65.786856
1.400000,61.364700,58.437536,60.293211,61.454751,63.379685,65.808385,66.796564
1.600000,61.515824,59.011432,61.545420,62.589051,64.789218,66.692358,67.845567
1.800000,61.570784,60.419339,61.810143,62.387174,64.830724,65.208575,67.233853
2.000000,61.540580,58.603338,60.957088,62.945308,64.927195,66.007382,68.626911
2.200000,61.437189,59.156201,61.774970,63.328427,64.810217,67.395354,66.187591
2.400000,61.273301,59.402892,60.738604,63.548896,65.360590,66.523239,68.736103
2.600000,61.062048,57.983029,60.846453,62.433176,63.990110,65.438830,68.791323
2.800000,60.816725,57.700705,61.127237,61.796277,63.515962,65.291439,67.041121
3.000000,60.550508,58.543590,60.309360,61.429956,63.819401,65.558804,66.805550
3.200000,60.276186,57.255367,58.891116,61.298487,62.739197,65.614016,67.136325
3.400000,60.005894,57.232304,59.109962,61.001313,63.170999,65.696435,64.929948
3.600000,59.750869,54.904611,58.557480,60.279466,61.479735,63.654491,66.708600
3.800000,59.521219,55.381621,57.334677,59.548372,60.690626,63.323372,65.912789
4.000000,59.325720,54.324541,57.541958,59.672972,60.867537,63.509350,65.330575
4.200000,59.171639,55.909205,56.046056,57.672017,61.332100,63.448553,64.759061
4.400000,59.064588,55.223410,56.648243,57.167865,60.726630,62.433404,64.918939
4.600000,59.008413,55.294408,56.703922,58.198218,59.439370,61.722398,63.968597
4.800000,59.005114,54.537298,56.113708,58.653280,59.839126,61.563993,63.495941
5.000000,59.054809,54.396934,55.460404,56.835063,59.406745,61.726993,64.151762
5.200000,59.155729,54.724811,55.327615,57.054996,59.437028,61.245481,64.101252
5.400000,59.304253,55.372913,55.216946,56.276922,60.632231,59.606745,62.562517
5.600000,59.494983,55.543196,55.916245,57.746877,58.919050,61.650899,63.146417
5.800000,59.720849,55.379380,56.270892,56.645968,58.634252,61.530171,63.882369
6.000000,59.973253,55.627655,56.079814,57.663282,58.875556,60.941361,62.863993
6.200000,60.242243,56.485877,55.788589,57.078802,59.836850,61.594757,62.131392
6.400000,60.516708,55.797096,57.118808,57.805097,59.350230,60.420721,63.275546
6.600000,60.784612,57.186443,57.381894,58.650918,59.613506,60.473992,62.444090
6.800000,61.033234,58.334825,57.076052,57.807551,59.415902,60.420935,64.038189
7.000000,61.249429,57.907853,57.076756,58.273283,60.116669,59.870124,62.922743
7.200000,61.419904,58.643312,58.313783,58.003057,58.886990,61.323461,61.786170
7.400000,61.531490,58.691857,59.783472,58.458432,59.199613,61.436216,62.345171
7.600000,61.571429,59.440228,58.292132,59.061088,59.159393,60.787975,61.513339
7.800000,61.527639,58.983408,59.328409,59.775131,59.784847,59.329629,61.637521
8.000000,61.388986,58.190048,59.313595,59.181653,60.102971,60.212683,61.173971
8.200000,61.145534,58.459903,59.607063,60.734843,59.618554,60.235435,61.641201
8.400000,60.788772,58.625948,59.236805,58.809946,60.589573,59.362603,60.004934
8.600000,60.311824,57.822560,58.865057,59.232603,60.136264,58.676246,60.843621
8.800000,59.709635,57.851894,58.257360,59.307271,59.339590,59.213095,58.673337
9.000000,58.979112,56.515843,59.395861,58.640885,58.369914,57.539340,57.653827
9.200000,58.119247,54.844239,58.637310,57.497523,58.001652,57.835741,57.686422
9.400000,57.131193,55.230132,58.163877,57.304719,57.412679,56.397018,56.542193
9.600000,56.018308,53.905093,55.380445,57.210334,54.930309,55.586520,56.251734
9.800000,54.786160,51.270967,53.604400,54.976079,55.935534,54.031373,54.386589
10.000000,53.442487,51.494071,53.208444,54.530100,54.820531,54.848087,54.102453
10.200000,51.997125,48.824123,52.923231,52.413821,53.373702,53.085165,53.425031
10.400000,50.461897,46.510485,50.193330,52.515601,53.316242,51.562009,52.693313
10.600000,48.850461,44.991719,48.822074,49.363427,51.051493,50.589371,51.036504
10.800000,47.178132,43.807237,46.717692,48.269537,50.072841,48.928330,48.571594
11.000000,45.461666,40.849721,44.252769,46.871067,47.260945,48.323290,47.828130
11.200000,43.719020,39.825652,43.057199,45.524880,46.256739,45.674537,46.389392
11.400000,41.969093,38.055840,40.682418,42.210993,44.614419,44.725987,45.407210
11.600000,40.231437,35.178835,37.869336,41.249871,43.411195,44.443965,43.867047
11.800000,38.525969,34.241769,37.055451,39.982138,41.369723,42.364088,43.090649
12.000000,36.872660,32.418728,33.930390,37.432962,40.919148,40.902869,41.353378
12.200000,35.291227,30.497502,32.530814,34.682652,38.937031,40.102420,39.400716
12.400000,33.800830,29.248084,31.785966,34.236967,37.824709,38.157635,38.391960
12.600000,32.419767,28.111169,29.512070,31.829321,35.210798,38.895831,36.829261
12.800000,31.165186,26.247080,27.495277,31.982327,35.426221,36.711932,36.818189
13.000000,30.052817,25.494688,26.678815,30.692544,33.185071,33.743831,36.036297
13.200000,29.096716,26.395586,26.181726,26.929293,31.327799,34.749943,34.038702
13.400000,28.309046,23.911237,23.837518,26.097470,30.845545,33.943114,34.969280
13.600000,27.699879,24.180886,24.469663,26.253599,31.657544,31.807110,33.762509
13.800000,27.277039,24.301039,23.684060,26.499673,29.177184,32.799625,34.700865
14.000000,27.045968,24.217858,24.253816,25.231601,28.915359,32.640728,33.745915
14.200000,27.009650,23.846574,23.463446,24.816063,29.442319,32.710969,34.249813
14.400000,27.168551,25.065734,22.981903,24.859378,27.358667,31.812020,33.422195
14.600000,27.520623,25.075433,24.478029,24.271226,28.117849,31.713247,32.941993
14.800000,28.061326,26.229164,25.878250,25.428001,29.309520,32.605400,34.624090
15.000000,28.783711,26.421457,26.207697,25.494818,29.364758,32.467329,35.127755
15.200000,29.678524,27.553034,27.115535,27.618588,29.447792,33.403331,36.450746
15.400000,30.734358,29.403252,29.346699,27.772136,28.011238,33.393624,36.703993
15.600000,31.937836,29.233479,29.687795,27.439365,31.072676,33.706888,37.565409
15.800000,33.273822,32.675229,31.170559,30.652615,32.635498,34.585794,39.539614
16.000000,34.725664,32.408551,33.521129,32.263114,33.631031,36.780570,40.039089
16.200000,36.275459,34.699313,34.690164,32.812359,33.819054,37.274935,41.697429
16.400000,37.904333,35.810367,37.313049,35.889838,36.987429,39.546017,43.833280
16.600000,39.592740,36.036725,38.763181,37.438834,37.707467,39.356892,45.174105
16.800000,41.320768,38.310475,40.221493,39.124809,39.275511,42.379070,45.119438
17.000000,43.068443,38.542773,42.281422,41.861012,40.280659,43.918264,47.893262
17.200000,44.816043,41.919170,45.065852,42.928295,42.991628,44.593129,48.724338
17.400000,46.544393,42.377185,45.775083,45.985439,44.086776,46.761185,50.007129
17.600000,48.235152,45.730153,48.227358,47.078135,46.237885,46.246900,51.677110
17.800000,49.871090,46.130524,49.310648,50.486769,48.844226,48.884273,51.491090
18.000000,51.436330,47.633943,51.891068,51.336876,49.885667,50.206897,53.504168
18.200000,52.916574,47.740355,52.763022,53.407264,50.832680,52.598638,54.902712
18.400000,54.299299,49.811330,54.430380,55.079623,53.428638,52.977922,57.373979
18.600000,55.573916,51.514776,54.938865,56.786658,55.073462,54.597955,56.823252
18.800000,56.731894,52.689453,55.401711,57.614463,55.628623,54.762925,57.638753
19.000000,57.766854,52.158544,57.890301,58.470763,57.629285,56.553465,58.179508
19.200000,58.674615,54.528860,55.928018,61.045145,58.910709,57.147292,61.140083
19.400000,59.453207,54.914094,56.921521,60.523477,59.565914,58.994120,60.130877
19.600000,60.102842,56.639229,58.113146,61.030966,62.144374,59.560389,60.030366
19.800000,60.625850,56.637406,57.455109,61.682455,61.337637,59.421822,59.838387
20.000000,61.026572,56.961994,58.650911,63.244270,61.635637,61.630867,62.020521
20.200000,61.311227,57.875436,59.357452,63.203772,63.487903,61.520448,60.949366
20.400000,61.487742,57.110088,58.355801,62.771425,64.665409,62.659512,61.745365
20.600000,61.565547,56.719682,59.147928,63.075318,64.912975,61.271535,63.244743
20.800000,61.555363,58.677645,58.972009,62.814838,62.966556,63.013773,61.045430
21.000000,61.468946,57.536793,57.973946,62.058831,64.375009,63.365160,59.658337
21.200000,61.318837,58.126186,57.559024,61.192498,63.285219,63.935614,61.464949
21.400000,61.118083,59.111435,57.835679,61.367068,64.893703,63.209049,61.559695
21.600000,60.879964,58.801799,55.675567,61.186683,64.559648,63.179586,61.504948
21.800000,60.617713,58.356785,57.025063,60.777769,62.993842,63.653492,62.558274
22.000000,60.344238,57.619176,56.753644,60.441233,64.144901,63.129676,61.491623
22.200000,60.071862,59.191097,56.392539,60.736164,61.778655,62.709138,61.171256
22.400000,59.812065,57.302329,56.084332,59.018019,63.344138,63.153688,61.381020
22.600000,59.575255,57.485586,55.971493,58.008200,61.556928,63.740601,61.223969
22.800000,59.370556,57.693554,56.310929,57.740758,62.704501,63.720434,61.907013
23.000000,59.205623,57.129458,55.542360,57.095024,63.273492,64.469087,61.478727
23.200000,59.086490,55.957989,56.968502,55.991227,60.134082,63.609883,62.857657
23.400000,59.017450,57.019347,56.834933,56.239580,60.899191,65.027454,62.956402
23.600000,59.000965,56.611240,56.905517,55.102924,60.353692,63.947432,64.338404
23.800000,59.037622,55.715326,58.322956,55.633542,61.309666,64.131400,62.088770
24.000000,59.126116,55.910016,58.448629,57.033145,60.911930,65.017091,63.816265
