time,condition_1,condition_2,condition_3
0.000000,1.100000,5.500000,17.600000
0.200000,1.118597,5.592987,17.897557
0.400000,1.134360,5.671799,18.149756
0.600000,1.147300,5.736501,18.356802
0.800000,1.157505,5.787524,18.520076
1.000000,1.165129,5.825644,18.642062
1.200000,1.170390,5.851952,18.726246
1.400000,1.173561,5.867805,18.776976
1.600000,1.174957,5.874787,18.799317
1.800000,1.174929,5.874647,18.798871
2.000000,1.173849,5.869247,18.781591
2.200000,1.172099,5.860497,18.753589
2.400000,1.170058,5.850292,18.720935
2.600000,1.168091,5.840456,18.689461
2.800000,1.166536,5.832680,18.664577
3.000000,1.165694,5.828468,18.651097
3.200000,1.165818,5.829089,18.653084
3.400000,1.167107,5.835537,18.673718
3.600000,1.169700,5.848498,18.715193
3.800000,1.173665,5.868325,18.778640
4.000000,1.179005,5.895027,18.864087
4.200000,1.185653,5.928265,18.970447
4.400000,1.193471,5.967356,19.095540
4.600000,1.202260,6.011298,19.236154
4.800000,1.211758,6.058790,19.388129
5.000000,1.221655,6.108274,19.546476
5.200000,1.231595,6.157973,19.705515
5.400000,1.241190,6.205952,19.859045
5.600000,1.250033,6.250163,20.000522
5.800000,1.257703,6.288516,20.123251
6.000000,1.263787,6.318933,20.220586
6.200000,1.267883,6.339417,20.286133
6.400000,1.269622,6.348108,20.313944
6.600000,1.268669,6.343345,20.298704
6.800000,1.264744,6.323719,20.235901
7.000000,1.257623,6.288117,20.121974
7.200000,1.247153,6.235763,19.954443
7.400000,1.233250,6.166251,19.732004
7.600000,1.215912,6.079561,19.454596
7.800000,1.195215,5.976073,19.123434
8.000000,1.171313,5.856565,18.741008
8.200000,1.144441,5.722203,18.311049
8.400000,1.114904,5.574519,17.838461
8.600000,1.083076,5.415381,17.329220
8.800000,1.049390,5.246951,16.790243
9.000000,1.014327,5.071637,16.229238
9.200000,0.978408,4.892038,15.654522
9.400000,0.942177,4.710885,15.074830
9.600000,0.906194,4.530972,14.499110
9.800000,0.871019,4.355096,13.936308
10.000000,0.837198,4.185988,13.395161
10.200000,0.805249,4.026245,12.883985
10.400000,0.775655,3.878276,12.410482
10.600000,0.748847,3.744237,11.981559
10.800000,0.725198,3.625989,11.603165
11.000000,0.705010,3.525050,11.280160
11.200000,0.688513,3.442566,11.016210
11.400000,0.675857,3.379283,10.813707
11.600000,0.667108,3.335541,10.673733
11.800000,0.662253,3.311266,10.596050
12.000000,0.661196,3.305979,10.579131
12.200000,0.663764,3.318818,10.620217
12.400000,0.669713,3.348566,10.715412
12.600000,0.678738,3.393689,10.859806
12.800000,0.690476,3.452381,11.047620
13.000000,0.704524,3.522618,11.272377
13.200000,0.720443,3.602215,11.527089
13.400000,0.737778,3.688891,11.804452
13.600000,0.756066,3.780329,12.097052
13.800000,0.774848,3.874240,12.397567
14.000000,0.793685,3.968427,12.698966
14.200000,0.812169,4.060844,12.994701
14.400000,0.829930,4.149648,13.278875
14.600000,0.846650,4.233248,13.546393
14.800000,0.862068,4.310342,13.793095
15.000000,0.875990,4.379952,14.015847
15.200000,0.888289,4.441443,14.212617
15.400000,0.898906,4.494532,14.382502
15.600000,0.907858,4.539292,14.525736
15.800000,0.915228,4.576142,14.643655
16.000000,0.921165,4.605823,14.738635
16.200000,0.925875,4.629374,14.813996
16.400000,0.929618,4.648088,14.873881
16.600000,0.932694,4.663471,14.923106
16.800000,0.935437,4.677187,14.966998
17.000000,0.938201,4.691003,15.011211
17.200000,0.941346,4.706729,15.061534
17.400000,0.945231,4.726155,15.123695
17.600000,0.950198,4.750990,15.203167
17.800000,0.956561,4.782806,15.304978
18.000000,0.964596,4.822980,15.433537
18.200000,0.974529,4.872647,15.592471
18.400000,0.986531,4.932654,15.784493
18.600000,1.000705,5.003527,16.011287
18.800000,1.017089,5.085445,16.273425
19.000000,1.035645,5.178225,16.570320
19.200000,1.056263,5.281314,16.900204
19.400000,1.078759,5.393796,17.260147
19.600000,1.102882,5.514408,17.646105
19.800000,1.128313,5.641563,18.053003
20.000000,1.154678,5.773389,18.474845
20.200000,1.181553,5.907767,18.904854
20.400000,1.208477,6.042387,19.335638
20.600000,1.234960,6.174802,19.759367
20.800000,1.260498,6.302491,20.167970
21.000000,1.284584,6.422920,20.553344
21.200000,1.306722,6.533611,20.907556
21.400000,1.326441,6.632205,21.223055
21.600000,1.343304,6.716520,21.492864
21.800000,1.356923,6.784615,21.710769
22.000000,1.366968,6.834838,21.871481
22.200000,1.373174,6.865870,21.970783
22.400000,1.375353,6.876763,22.005641
22.600000,1.373393,6.866966,21.974292
22.800000,1.367269,6.836343,21.876298
23.000000,1.357035,6.785176,21.712562
23.200000,1.342832,6.714161,21.485315
23.400000,1.324879,6.624395,21.198064
23.600000,1.303469,6.517347,20.855510
23.800000,1.278965,6.394823,20.463433
24.000000,1.251784,6.258922,20.028552
