actual,model_a,baseline
71.923,73.927,60.156
77.397,77.581,89.014
29.079,30.949,38.007
52.732,57.057,44.484
13.458,13.816,
66.379,67.376,77.169
2.166,3.410,5.169
20.327,18.807,25.449
15.726,12.631,15.562
13.278,19.081,9.674
78.779,76.774,89.001
20.732,17.965,24.249
31.677,30.429,19.601
45.693,39.716,47.713
46.500,49.457,55.496
45.731,51.460,52.920
2.205,0.000,1.868
24.500,25.339,27.183
49.875,47.732,50.443
3.566,10.644,0.000
14.439,19.857,15.459
28.632,29.498,26.818
21.277,21.678,22.636
76.837,76.286,69.212
56.632,55.376,42.721
45.709,44.809,37.794
31.818,27.883,47.482
13.461,20.529,7.874
55.192,54.404,71.596
19.714,26.205,6.039
73.216,72.809,85.304
26.411,26.912,28.344
54.603,57.952,53.950
3.917,4.223,10.289
29.458,35.369,29.284
64.368,63.922,65.676
71.188,79.142,65.948
25.788,23.214,35.037
53.470,56.532,48.749
39.090,47.486,28.546
63.309,63.803,65.341
61.267,63.039,69.507
18.183,18.057,27.151
59.676,63.852,58.834
37.697,33.103,41.789
19.674,23.533,12.801
35.157,31.452,29.141
66.364,68.758,70.617
70.996,68.807,75.029
34.738,35.226,34.301
12.051,14.737,25.159
19.821,17.569,22.315
77.572,70.222,65.375
49.362,53.331,52.738
19.847,22.575,21.121
40.326,40.968,50.567
4.815,7.302,0.000
15.779,22.309,28.548
31.787,34.010,17.433
46.763,50.812,48.436
1.186,0.000,8.807
53.412,54.230,57.410
45.589,47.929,40.669
3.064,1.570,0.000
60.044,59.911,55.517
9.397,6.913,0.000
10.555,12.561,0.000
38.483,32.022,44.976
45.998,47.263,45.692
65.352,64.669,72.180
11.047,11.643,11.053
11.354,11.355,0.000
20.851,31.188,26.688
70.288,65.539,76.676
79.894,79.763,79.159
8.228,8.331,12.621
76.865,74.077,73.623
15.542,11.229,4.111
76.698,77.223,80.446
58.738,63.577,47.652
28.801,32.062,3.941
4.962,10.340,10.122
73.436,79.105,76.079
31.124,36.893,35.758
8.625,14.997,12.295
34.074,30.588,41.006
12.523,11.221,26.623
79.670,79.664,74.419
22.471,18.502,28.958
51.757,56.679,53.383
