time,actual,predicted
2026-10-01T06:00:00,0.000,0.000
2026-10-01T06:15:00,4.578,1.836
2026-10-01T06:30:00,9.137,1.966
2026-10-01T06:45:00,13.656,18.129
2026-10-01T07:00:00,18.117,13.007
2026-10-01T07:15:00,22.501,24.196
2026-10-01T07:30:00,26.788,26.428
2026-10-01T07:45:00,30.960,32.970
2026-10-01T08:00:00,35.000,41.051
2026-10-01T08:15:00,38.890,36.065
2026-10-01T08:30:00,42.613,42.275
2026-10-01T08:45:00,46.154,43.457
2026-10-01T09:00:00,49.497,
2026-10-01T09:15:00,52.629,59.706
2026-10-01T09:30:00,55.535,58.149
2026-10-01T09:45:00,58.203,63.528
2026-10-01T10:00:00,60.622,59.970
2026-10-01T10:15:00,62.781,54.667
2026-10-01T10:30:00,64.672,57.092
2026-10-01T10:45:00,66.285,65.388
2026-10-01T11:00:00,67.615,64.703
2026-10-01T11:15:00,68.655,68.447
2026-10-01T11:30:00,69.401,65.318
2026-10-01T12:15:00,69.850,70.333
2026-10-01T12:30:00,69.401,68.757
2026-10-01T12:45:00,68.655,70.854
2026-10-01T13:00:00,67.615,66.106
2026-10-01T13:15:00,66.285,65.344
2026-10-01T13:30:00,64.672,57.999
2026-10-01T13:45:00,62.781,61.552
2026-10-01T14:00:00,60.622,63.077
2026-10-01T14:15:00,58.203,61.324
2026-10-01T14:30:00,55.535,60.058
2026-10-01T14:45:00,52.629,57.534
2026-10-01T15:00:00,49.497,58.420
2026-10-01T15:15:00,46.154,54.605
2026-10-01T15:30:00,42.613,42.561
2026-10-01T15:45:00,38.890,42.928
2026-10-01T16:00:00,35.000,35.744
2026-10-01T16:15:00,30.960,29.852
2026-10-01T16:30:00,26.788,29.437
2026-10-01T16:45:00,22.501,27.716
2026-10-01T17:00:00,18.117,22.683
2026-10-01T17:15:00,13.656,11.105
2026-10-01T17:30:00,9.137,7.494
2026-10-01T17:45:00,4.578,4.885
2026-10-01T18:00:00,0.000,0.891
